<?xml version="1.0" encoding="UTF-8"?>

<beans xmlns="http://www.springframework.org/schema/beans"
xmlns:p="http://www.springframework.org/schema/p" 
	xmlns:xsi="http://www.w3.org/2001/XMLSchema-instance"
	xmlns:context="http://www.springframework.org/schema/context"
	xsi:schemaLocation="http://www.springframework.org/schema/beans 
	http://www.springframework.org/schema/beans/spring-beans-3.0.xsd
	http://www.springframework.org/schema/context
	http://www.springframework.org/schema/context/spring-context-3.0.xsd ">
	
	<context:annotation-config></context:annotation-config>
	<context:component-scan base-package="com.scope"></context:component-scan>

	<!-- ==================== Validation definitions ==================== -->
	<bean id="configurationLoader"
		class="org.springmodules.validation.bean.conf.loader.annotation.AnnotationBeanValidationConfigurationLoader" />
	<bean id="validator" class="org.springmodules.validation.bean.BeanValidator"
		p:configurationLoader-ref="configurationLoader" />
	<bean id="messageSource"
		class="org.springframework.context.support.ResourceBundleMessageSource"
		>
		<property name="basename" value="messages" />
	</bean>	
</beans>
	